,UMAP1,UMAP2
0,-7.848625,-16.092653
1,-7.727901,-16.119377
2,-8.269914,-16.098057
3,-8.199637,-16.193096
4,-8.096749,-16.221256
5,-8.11607,-16.01442
6,-8.03139,-16.118057
7,-8.036826,-16.156782
8,-7.998352,-16.106594
9,-7.962895,-16.191746
10,-7.9917026,-16.100328
11,-7.892138,-16.186487
12,-7.8410788,-16.140015
13,-7.9378424,-16.284397
14,-7.848853,-16.1924
15,-7.9631534,-16.201546
16,-7.906728,-16.239998
17,-7.8977757,-16.264542
18,-7.880364,-16.225866
19,-7.924147,-16.207062
20,-7.885775,-16.20436
21,-7.998864,-16.254934
22,-7.885317,-16.301277
23,-7.784947,-16.25873
24,-7.7805486,-16.417004
25,-7.813368,-16.306665
26,-7.828158,-16.33407
27,-7.362235,-16.36108
28,-7.3534565,-16.392237
29,-7.696492,-16.275095
30,-7.384664,-16.432137
31,-7.4179974,-16.374174
32,-7.401634,-16.353273
33,-7.3925357,-16.42881
34,-7.3365374,-16.477648
35,-7.311258,-16.455868
36,-7.335678,-16.436787
37,-7.3842587,-16.377682
38,-7.392343,-16.306814
39,-7.4785,-16.31698
40,-7.488795,-16.262909
41,-7.487199,-16.230047
42,-7.5617294,-16.269325
43,-7.6043034,-16.260183
44,-7.5231547,-16.170303
45,-7.575414,-16.161528
46,-7.582657,-16.161297
47,-7.610182,-16.093077
48,-7.4701633,-15.927418
49,-7.44032,-15.988977
50,-7.44796,-16.011253
51,-7.3379025,-15.912625
52,-7.405063,-15.949658
53,-7.469685,-15.947439
54,-7.460278,-15.981204
55,-7.548663,-15.906889
56,-7.42359,-15.930501
57,-7.3969793,-15.851714
58,-7.470506,-15.797679
59,-7.4423494,-15.717112
60,-7.381739,-15.764584
61,-7.498846,-15.772561
62,-7.4775314,-15.801395
63,-7.397216,-15.807909
64,-7.5465603,-15.596142
65,-7.5702696,-15.646078
66,-7.541404,-15.589812
67,-7.597086,-15.603312
68,-7.6422787,-15.716983
69,-7.6200385,-15.622481
70,-7.5545573,-15.590611
71,-7.5243397,-15.800026
72,-7.5490365,-15.860343
73,-7.56401,-15.613016
74,-7.646656,-15.57571
75,-7.7297573,-15.660415
76,-7.652052,-15.624686
77,-7.7835965,-15.887868
78,-7.7794895,-15.795247
79,-7.821385,-15.830638
80,-7.807412,-15.845107
81,-7.931049,-15.886296
82,-7.925268,-15.618034
83,-7.9459057,-15.686936
84,-7.913255,-15.646822
85,-7.2431254,-14.839076
86,-7.246392,-14.746614
87,-7.364235,-14.699594
88,-7.271279,-14.6800165
89,-7.387309,-14.607777
90,-7.588907,-14.555716
91,-7.7241592,-14.383736
92,-7.7486,-14.4277525
93,-7.7253084,-14.383578
94,-7.834552,-14.370854
95,-7.908541,-14.328136
96,-7.913007,-14.355035
97,-7.9773283,-14.413294
98,-8.024795,-14.392443
99,-8.006913,-14.530468
100,-8.039196,-14.452533
101,-7.98815,-14.313377
102,-7.721907,-14.429691
103,-7.6887865,-14.373851
104,-7.6066,-14.152473
105,-7.6969857,-13.948859
106,-7.706156,-14.099485
107,-7.6954536,-14.020798
108,-7.76609,-13.994734
109,-7.815758,-14.007884
110,-7.5789714,-13.707765
111,-7.5474586,-13.585446
112,-7.516317,-13.608007
113,-7.4996834,-13.588651
114,-7.5804915,-13.532589
115,-7.583192,-13.543198
116,-7.6192665,-13.501206
117,-7.5435615,-13.564252
118,-7.5748944,-13.478975
119,-7.5925565,-13.579744
120,-7.593413,-13.508586
121,-7.566831,-13.46057
122,-7.592384,-13.443367
123,-7.5952406,-13.426834
124,-7.595169,-13.445246
125,-7.545549,-13.449287
126,-7.559831,-13.4345255
127,-7.6127667,-13.446463
128,-7.5851464,-13.392682
129,-7.5613093,-13.438369
130,-7.479804,-13.555538
131,-7.396935,-13.642927
132,-7.366051,-13.642879
133,-7.337486,-13.662373
134,-7.3022003,-13.767874
135,-7.1581454,-13.883104
136,-7.3644614,-13.95681
137,-7.295528,-13.932266
138,-7.3947372,-14.116709
139,-7.189405,-14.138009
140,-7.202906,-14.082613
141,-7.172308,-13.993914
142,-7.110948,-14.149899
143,-7.0194926,-14.227087
144,-7.0139604,-14.28055
145,-7.1040745,-14.281211
146,-7.1487556,-14.20763
147,-7.0361834,-14.258048
148,-7.259726,-14.24499
149,-7.240793,-14.237252
150,-7.1388793,-14.26785
151,-7.081181,-14.277254
152,-7.0111237,-14.338629
153,-7.084506,-14.314175
154,-6.796212,-14.442664
155,-6.932803,-14.2689495
156,-6.882532,-14.442933
157,-6.8944955,-14.333833
158,-6.870282,-14.374169
159,-6.916837,-14.406238
160,-7.0843344,-14.518995
161,-6.8368635,-14.40226
162,-6.9281626,-14.402489
163,-6.829743,-14.422467
164,-6.9280624,-14.435037
165,-7.046655,-14.521502
166,-7.0323124,-14.433022
167,-6.8557577,-14.39128
168,-6.8362484,-14.357202
169,-6.974991,-14.438751
170,-9.1117325,-15.844199
171,-9.251847,-15.740156
172,-9.276547,-15.786175
173,-9.193801,-15.873349
174,-9.331528,-15.864613
175,-9.145529,-15.8707695
176,-9.349324,-15.782854
177,-9.2608385,-15.863964
178,-9.318993,-15.763921
179,-9.204489,-15.850053
180,-9.074972,-16.07524
181,-9.0880375,-15.873164
182,-9.0782585,-15.922817
183,-8.888439,-15.803592
184,-8.193828,-16.641672
185,-7.8786097,-16.661201
186,-7.7080135,-16.560066
187,-7.718496,-16.593073
188,-7.7853885,-16.561737
189,-7.6958313,-16.576216
190,-7.891236,-16.531782
191,-7.7281613,-16.731567
192,-7.280333,-16.636103
193,-7.348007,-16.575085
194,-7.312474,-16.63387
195,-7.442322,-16.57804
196,-7.3626075,-16.648764
197,-7.33305,-16.645292
198,-7.388997,-16.665138
199,-8.350557,-16.544195
200,-8.411865,-16.514349
201,-8.490437,-16.522285
202,-8.492992,-16.648891
203,-8.786376,-16.349937
204,-8.5987835,-16.488062
205,-8.878065,-16.44271
206,-8.355747,-16.478077
207,-7.9148283,-16.46631
208,-8.239919,-16.46414
209,-8.304897,-16.551601
210,-8.362017,-16.613878
211,-8.336303,-16.600386
212,-8.355232,-16.669088
213,-7.9318194,-16.513208
214,-7.942762,-16.579288
215,-8.367439,-16.533453
216,-8.259597,-16.506802
217,-8.336188,-16.554726
218,-8.826326,-16.545992
219,-8.79614,-16.504688
220,-8.823846,-16.459198
221,-9.0731325,-16.436869
222,-9.166041,-16.31815
223,-8.960409,-16.357576
224,-8.890316,-16.471323
225,-8.949977,-16.388493
226,-9.2483015,-16.29421
227,-9.118209,-16.331236
228,-9.221453,-16.180094
229,-9.39567,-16.144178
230,-9.392304,-16.114697
231,-9.484922,-16.069277
232,-9.469331,-16.009352
233,-8.806012,-15.886834
234,-9.364928,-16.441973
235,-8.999854,-16.155624
236,-9.236307,-16.113552
237,-9.272712,-16.265425
238,-9.18953,-16.256578
239,-9.389624,-15.954561
240,-9.288064,-16.168516
241,-9.244544,-16.235744
242,-9.115953,-16.308199
243,-9.130899,-16.269482
244,-9.038698,-16.30973
245,-9.025552,-16.348572
246,-9.05632,-16.249762
247,-9.005288,-16.31388
248,-9.0831,-16.349195
249,-9.023856,-16.29024
250,-8.966087,-16.300425
251,-9.060856,-16.335398
252,-9.051685,-16.374767
253,-9.049921,-16.309597
254,-9.118821,-16.310766
255,-5.3150673,-15.204481
256,-5.4031515,-15.250214
257,-5.1488357,-15.211436
258,-5.0621667,-15.377205
259,-5.0965858,-15.346491
260,-4.998582,-15.430438
261,-5.0778728,-15.579143
262,-5.008604,-15.499425
263,-5.048977,-15.534759
264,-5.007842,-15.521007
265,-5.0613017,-15.570961
266,-5.0532074,-15.613444
267,-5.139441,-15.624183
268,-5.026044,-15.638885
269,-5.0307984,-15.604877
270,-5.0463233,-15.634956
271,-4.958896,-15.545444
272,-5.049887,-15.547314
273,-4.9731708,-15.446809
274,-5.0247335,-15.395234
275,-5.033991,-15.534329
276,-4.9914875,-15.5323
277,-5.138687,-15.583985
278,-5.1661525,-15.362825
279,-5.246007,-15.341967
280,-5.213484,-15.248242
281,-5.10996,-15.403582
282,-5.1336064,-15.455639
283,-5.1626782,-15.485045
284,-5.122715,-15.522165
285,-5.120964,-15.53914
286,-5.1956444,-15.505482
287,-5.164865,-15.425537
288,-5.222643,-15.412303
289,-5.2120547,-15.4882555
290,-5.376207,-15.521326
291,-5.4718137,-15.23891
292,-5.590471,-15.26135
293,-5.499617,-15.186699
294,-5.2967715,-14.860563
295,-5.443949,-15.073868
296,-5.2222023,-14.884712
297,-5.3385596,-14.793909
298,-5.4596825,-14.939321
299,-5.247916,-14.787617
300,-5.39138,-14.654628
301,-5.415819,-14.57541
302,-5.26947,-14.49099
303,-5.4578104,-14.733256
304,-5.429946,-15.005787
305,-5.499759,-14.943035
306,-5.483876,-15.117456
307,-5.3127556,-15.075798
308,-5.478451,-14.96951
309,-5.3462734,-15.015219
310,-5.520165,-14.66194
311,-5.5481043,-14.750698
312,-5.3596067,-14.377085
313,-5.4588695,-14.82799
314,-5.3811536,-14.832644
315,-5.4911814,-14.9000025
316,-5.1673236,-14.363211
317,-5.137354,-14.349254
318,-5.055726,-14.319761
319,-5.3220396,-14.469791
320,-5.1814475,-14.364096
321,-5.02119,-14.337067
322,-5.0849137,-14.383076
323,-5.5131865,-14.458274
324,-5.042424,-14.38938
325,-5.126289,-14.334494
326,-5.201489,-14.577614
327,-5.138879,-14.425069
328,-5.1216655,-14.409816
329,-5.022007,-14.39887
330,-5.122704,-14.343415
331,-5.072899,-14.351195
332,-5.0102973,-14.401533
333,-5.0192156,-14.374849
334,-4.9725003,-14.348934
335,-4.998458,-14.400997
336,-5.0131645,-14.384733
337,-5.196538,-14.354033
338,-4.9981303,-14.334538
339,-4.979668,-14.404555
340,-7.9166946,-17.174095
341,-7.9896607,-17.205511
342,-7.9563756,-17.261488
343,-7.986731,-17.18337
344,-8.03266,-17.21793
345,-8.1106615,-17.259388
346,-8.029678,-17.211903
347,-8.059895,-17.300365
348,-8.087704,-17.354975
349,-8.205453,-17.334272
350,-8.197332,-17.380379
351,-8.144575,-17.383202
352,-8.30873,-17.374796
353,-8.17558,-17.378452
354,-8.2856655,-17.389975
355,-8.190691,-17.380672
356,-8.284356,-17.433702
357,-8.377288,-17.381588
358,-8.314524,-17.235512
359,-8.384811,-17.227707
360,-8.318919,-17.305937
361,-8.343196,-17.327
362,-8.367058,-17.207077
363,-8.306295,-17.112974
364,-8.098875,-17.036848
365,-8.122191,-17.109127
366,-7.9983687,-16.98943
367,-8.115184,-16.893827
368,-8.065425,-16.374376
369,-8.129957,-16.5188
370,-8.090518,-16.72717
371,-8.120384,-16.804914
372,-8.148589,-16.83641
373,-8.150942,-16.772072
374,-8.089233,-16.67533
375,-8.113781,-16.821728
376,-8.083759,-16.853962
377,-8.100527,-16.902431
378,-8.086121,-16.874208
379,-8.079396,-16.942392
380,-8.073406,-16.880121
381,-8.123292,-16.85914
382,-8.04037,-16.899223
383,-8.0336075,-16.946735
384,-8.105202,-16.862185
385,-8.142458,-16.528036
386,-7.951998,-16.193676
387,-8.086636,-16.254038
388,-7.98846,-16.588705
389,-8.134557,-16.765709
390,-8.211982,-16.747398
391,-8.295965,-16.796156
392,-8.28865,-16.922174
393,-8.280497,-16.894878
394,-8.282211,-16.957184
395,-8.379038,-16.808426
396,-8.281805,-16.933908
397,-8.318873,-16.8557
398,-8.345979,-16.911036
399,-8.377344,-16.92808
400,-8.243346,-16.86737
401,-8.470112,-16.83274
402,-8.438299,-16.958672
403,-8.515261,-16.91064
404,-8.655037,-17.05874
405,-8.589643,-17.208122
406,-8.619162,-17.167923
407,-8.550005,-17.24047
408,-8.68556,-17.066092
409,-8.565065,-17.274862
410,-8.549704,-17.142744
411,-8.60123,-17.110872
412,-8.609309,-17.219795
413,-8.603791,-17.273275
414,-8.567026,-17.290377
415,-8.664832,-17.235008
416,-8.6328335,-17.22465
417,-8.599901,-17.196112
418,-8.589262,-17.20763
419,-8.591072,-17.125261
420,-8.549203,-17.191118
421,-8.644972,-17.15663
422,-8.648486,-17.119589
423,-8.6129055,-17.101095
424,-8.526815,-17.081337
425,-9.304374,-16.566166
426,-9.219991,-16.513977
427,-9.157456,-16.617113
428,-9.168669,-16.69267
429,-9.24177,-16.695292
430,-9.147183,-16.796911
431,-9.047423,-16.81856
432,-9.086063,-16.857256
433,-9.018871,-16.927774
434,-9.007489,-16.896086
435,-9.049831,-16.887993
436,-9.116863,-17.043879
437,-9.08148,-17.036182
438,-9.082566,-17.021063
439,-9.108335,-17.022236
440,-9.141565,-17.028164
441,-9.115802,-17.054989
442,-9.076847,-17.069714
443,-9.081559,-16.995
444,-9.140312,-17.021671
445,-9.109417,-17.03997
446,-9.218702,-17.207092
447,-9.253082,-17.228846
448,-9.317551,-17.153751
449,-9.37938,-16.683735
450,-9.364619,-17.262028
451,-9.355773,-17.251709
452,-9.469893,-16.672234
453,-9.340006,-16.562836
454,-9.443298,-16.739244
455,-9.158599,-16.63206
456,-9.446766,-16.558979
457,-9.521672,-16.700338
458,-9.481216,-16.705109
459,-9.561025,-16.728094
460,-9.52709,-16.749546
461,-9.477126,-16.764034
462,-9.36676,-17.359924
463,-9.340854,-17.230352
464,-9.377292,-17.313429
465,-9.30373,-17.38111
466,-9.31854,-17.37859
467,-9.287337,-17.373724
468,-9.261806,-17.450254
469,-9.264627,-17.455217
470,-9.116478,-17.52739
471,-9.248236,-17.43518
472,-9.267056,-17.454828
473,-9.222247,-17.458248
474,-9.31117,-17.43343
475,-9.310988,-17.424963
476,-9.380018,-17.318512
477,-9.343113,-17.360691
478,-9.328847,-17.384602
479,-9.347053,-17.06351
480,-9.301302,-17.03498
481,-9.279384,-16.973846
482,-9.323494,-17.0323
483,-9.248206,-16.934416
484,-9.2382,-16.959978
485,-9.405802,-17.004593
486,-9.493137,-16.418835
487,-9.517103,-16.51905
488,-9.435045,-16.450724
489,-9.37309,-16.538229
490,-9.380846,-16.60199
491,-9.429415,-16.567583
492,-9.391974,-16.600698
493,-9.421541,-16.601501
494,-9.425723,-16.511677
495,-9.394326,-16.45212
496,-9.443086,-16.474903
497,-9.431634,-16.504488
498,-9.371529,-16.462103
499,-9.309043,-16.488573
500,-9.452576,-16.54707
501,-9.468954,-16.613922
502,-9.573702,-16.423182
503,-9.581499,-16.441326
504,-9.3379545,-16.528896
505,-9.58475,-16.418814
506,-9.559958,-16.432108
507,-9.582984,-16.394903
508,-9.556599,-16.439465
509,-9.574007,-16.460398
510,-9.175627,-15.591045
511,-9.314176,-15.533942
512,-9.206228,-15.865275
513,-9.173416,-15.908458
514,-9.311809,-15.815769
515,-9.321742,-15.756732
516,-9.199755,-15.616846
517,-9.233064,-15.483749
518,-9.276968,-15.385419
519,-9.246108,-15.516437
520,-9.2567215,-15.39431
521,-9.378733,-15.357166
522,-9.2376375,-15.674832
523,-9.338392,-15.612349
524,-9.357041,-15.598179
525,-9.149487,-16.0947
526,-9.249802,-15.815958
527,-9.098837,-16.080872
528,-9.340955,-15.89659
529,-8.689411,-16.699846
530,-8.6671095,-16.666838
531,-9.32628,-15.646597
532,-8.587958,-16.626633
533,-8.654438,-16.75388
534,-9.202429,-15.589817
535,-8.798551,-15.491938
536,-8.354448,-16.1086
537,-7.9310646,-16.554085
538,-8.01873,-16.49476
539,-8.081608,-16.75583
540,-8.269319,-16.847086
541,-8.537542,-14.8399315
542,-8.303776,-17.301908
543,-8.365125,-17.068401
544,-8.383325,-17.162779
545,-8.3612175,-16.956549
546,-5.8117924,-13.5613985
547,-8.348107,-16.471317
548,-6.252122,-14.058648
549,-7.6564217,-16.380707
550,-7.665357,-16.305588
551,-7.7677755,-16.49378
552,-8.413178,-17.262745
553,-8.285159,-17.374405
554,-8.325283,-16.933771
555,-6.0987864,-16.552061
556,-7.3158364,-13.295977
557,-8.465921,-17.285452
558,-8.808816,-17.37571
559,-6.5988216,-14.838004
560,-7.173182,-14.763381
561,-8.366581,-14.170433
562,-6.5851526,-16.011177
563,-7.7569675,-14.984047
564,-5.1914873,-15.143514
565,-6.453663,-13.85474
566,-6.40081,-13.618608
567,-6.139439,-14.851332
568,-6.0627675,-15.579487
569,-8.114942,-16.783396
570,-7.9605074,-14.899947
571,-8.368239,-15.438558
572,-6.675539,-15.383123
573,-6.3389387,-13.672004
574,-8.119106,-15.443117
575,-7.833885,-14.960816
576,-8.471967,-16.499771
577,-8.211672,-14.727114
578,-8.730015,-16.448553
579,-8.332336,-16.19501
580,-7.945289,-15.307756
581,-7.143662,-14.078608
582,-8.566894,-16.089222
583,-7.027575,-14.915215
584,-7.970061,-15.012256
585,-6.841055,-14.161681
586,-7.2249427,-13.946801
587,-6.3578115,-13.471598
588,-7.2534294,-14.109344
589,-7.8139954,-14.474728
590,-7.0835886,-14.045209
591,-7.5114822,-14.997769
592,-7.5991654,-15.127997
593,-7.16676,-15.044267
594,-7.5137997,-13.929067
595,-8.666552,-16.446714
596,-8.68645,-16.398302
597,-8.689596,-16.401653
598,-8.6564455,-16.46484
599,-8.7083,-16.37806
600,-9.011906,-15.796088
601,-8.662901,-16.167952
602,-8.812432,-16.022068
603,-8.733486,-16.108015
604,-7.7347474,-16.926975
605,-7.730997,-17.039162
606,-7.6686788,-17.068933
607,-7.6836815,-17.080423
608,-7.5895386,-17.030888
609,-7.690793,-17.022863
610,-6.95811,-17.006742
611,-6.713238,-16.880516
612,-6.651101,-16.865833
613,-6.5593557,-17.005123
614,-6.6617346,-16.798578
615,-7.140522,-17.044016
616,-6.969132,-17.132092
617,-6.243453,-16.510372
618,-6.6017547,-16.926508
619,-6.517066,-16.988483
620,-6.304685,-16.580652
621,-6.3847265,-16.903248
622,-5.2444606,-15.839664
623,-6.302797,-16.736624
624,-6.693676,-16.88627
625,-6.5861983,-17.000313
626,-6.386082,-16.908167
627,-7.0269084,-16.981787
628,-6.673544,-17.149067
629,-5.198802,-15.642302
630,-7.206514,-16.12458
631,-7.5609612,-13.487358
632,-6.772086,-16.888594
633,-6.352339,-16.548195
634,-5.964265,-16.563683
635,-6.109406,-16.551332
636,-5.3175135,-14.422861
637,-6.543247,-17.026896
638,-6.5816884,-16.58189
639,-5.521854,-14.689654
640,-5.8331594,-13.955138
641,-5.2716975,-14.774188
642,-6.1417737,-14.098085
643,-8.823189,-14.419118
644,-6.450586,-15.328549
645,-5.668236,-14.635673
646,-7.073274,-14.157478
647,-6.609701,-16.544054
648,-7.9725847,-15.210829
649,-6.346468,-15.723786
650,-7.682691,-15.248275
651,-6.0650477,-16.366846
652,-6.5358267,-16.145155
653,-6.1856523,-16.381058
654,-5.4371033,-14.243246
655,-5.7563777,-15.929192
656,-5.4836874,-14.6599045
657,-6.3697324,-14.329082
658,-6.5964217,-15.721091
659,-5.9208274,-15.476797
660,-5.9848332,-15.867846
661,-6.1411905,-14.477867
662,-5.428336,-13.928399
663,-5.7088513,-15.482681
664,-5.802028,-15.269592
665,-5.9115963,-14.625807
666,-6.2171626,-14.588496
667,-5.180048,-14.839943
668,-6.2877574,-14.344064
669,-6.0029964,-14.557281
670,-5.803052,-14.084138
671,-6.043631,-15.634518
672,-6.192235,-15.169761
673,-5.8631997,-14.433247
674,-6.370835,-15.579683
675,-5.866435,-15.203328
676,-6.206858,-15.538278
677,-6.7021685,-14.381794
678,-5.7373033,-15.530904
679,-6.479136,-13.837372
680,-8.546339,-15.452797
681,-8.864301,-15.955435
682,-8.9081745,-15.749166
683,-8.882301,-15.865938
684,-8.926859,-15.887509
685,-9.046094,-14.741024
686,-8.924818,-16.05137
687,-8.912689,-15.935804
688,-8.538349,-15.507243
689,-7.981429,-15.790417
690,-8.493146,-15.95074
691,-8.474094,-15.793307
692,-9.02124,-15.961728
693,-8.888084,-15.8971
694,-8.700583,-15.867832
695,-8.694251,-15.892862
696,-8.446984,-15.687272
697,-8.461728,-15.748734
698,-8.315878,-15.557369
699,-8.387687,-15.976011
700,-8.172743,-16.166712
701,-8.118276,-15.365287
702,-8.293347,-15.618238
703,-8.28373,-15.403844
704,-7.625663,-16.159801
705,-7.7281923,-16.242393
706,-7.7182636,-16.203186
707,-7.9163184,-15.266446
708,-8.847521,-16.925463
709,-7.3461666,-16.237919
710,-7.8060827,-15.607917
711,-7.6667786,-15.984327
712,-7.1221085,-15.815078
713,-8.000062,-15.575918
714,-7.502059,-16.128944
715,-8.179173,-17.39284
716,-7.0560184,-15.178542
717,-8.0609,-15.223559
718,-5.2208657,-14.55092
719,-7.3461747,-14.381879
720,-7.278719,-14.85962
721,-8.476131,-15.157119
722,-6.140896,-13.806153
723,-8.881241,-15.486155
724,-6.8603487,-15.157386
725,-8.222198,-15.650476
726,-8.405565,-15.447335
727,-8.180144,-14.414376
728,-8.426787,-14.291662
729,-6.860336,-15.126313
730,-8.341178,-15.052218
731,-8.78038,-16.797228
732,-7.2239914,-14.32094
733,-6.352797,-15.521083
734,-8.691749,-14.99591
735,-8.111088,-15.11777
736,-5.734461,-13.831602
737,-6.869953,-14.250878
738,-5.1586823,-14.490992
739,-4.999383,-15.45739
740,-6.8443427,-14.439851
741,-7.572613,-14.763053
742,-8.08786,-14.44191
743,-6.7171626,-13.6664295
744,-5.719357,-14.392481
745,-5.750324,-14.981374
746,-5.9913516,-14.510877
747,-5.2819543,-15.074438
748,-8.101205,-14.316918
749,-7.8901796,-14.37862
750,-7.0318475,-14.8343525
751,-6.4676,-15.0932255
752,-5.1989045,-15.059326
753,-7.430359,-15.207456
754,-7.745404,-14.3967085
755,-5.834974,-14.970187
756,-5.6167674,-15.281429
757,-5.7687964,-14.395774
758,-8.511513,-15.188798
759,-7.2855105,-14.3366785
760,-7.1875668,-14.6255665
761,-7.9314475,-14.508024
762,-7.80354,-14.834938
763,-7.695206,-13.827164
764,-7.030879,-14.891922
765,-9.318302,-15.864296
766,-9.426899,-15.834381
767,-9.344889,-15.788307
768,-9.469593,-15.823472
769,-9.501561,-15.679097
770,-9.425509,-15.845529
771,-9.474582,-15.842444
772,-9.518822,-15.872549
773,-9.499657,-15.800123
774,-9.54994,-15.771032
775,-9.472534,-15.776538
776,-9.566317,-15.662154
777,-9.571101,-15.6623335
778,-9.600613,-15.701656
779,-9.580056,-15.636831
780,-9.576388,-15.520124
781,-9.624842,-15.828802
782,-9.5286455,-15.466314
783,-9.191842,-15.443341
784,-9.564018,-15.502277
785,-9.319927,-15.922092
786,-9.48667,-15.681295
787,-8.32463,-16.1251
788,-8.704479,-15.955187
789,-9.053002,-15.850679
790,-9.416305,-15.500083
791,-9.003641,-15.446423
792,-9.236101,-15.556105
793,-9.259203,-15.771399
794,-9.48209,-15.753155
795,-9.057988,-15.672327
796,-9.073991,-15.328569
797,-8.411168,-15.113715
798,-8.130063,-14.738925
799,-9.069863,-15.554071
800,-9.273007,-15.917356
801,-5.515301,-15.377961
802,-8.78389,-14.441219
803,-7.268413,-14.982201
804,-8.999752,-15.092483
805,-9.233883,-14.993626
806,-8.981604,-15.23896
807,-7.787463,-14.264568
808,-5.729294,-15.021078
809,-4.9677153,-15.5477915
810,-7.9419856,-14.707528
811,-5.0493727,-15.304518
812,-5.202597,-14.298656
813,-7.0332665,-14.021969
814,-6.286849,-14.883943
815,-6.3603716,-14.728384
816,-6.000989,-15.495697
817,-6.864541,-14.977224
818,-6.850292,-13.762441
819,-7.507801,-14.855952
820,-4.947317,-15.448522
821,-8.531655,-14.350706
822,-8.499075,-14.266349
823,-8.60617,-15.24725
824,-6.061902,-14.263174
825,-8.127734,-15.096996
826,-7.7442946,-14.867986
827,-7.6343393,-14.703468
828,-6.7356215,-14.078179
829,-5.4137754,-15.626036
830,-7.2826276,-14.109414
831,-7.3471594,-15.063763
832,-6.567419,-14.075749
833,-6.189691,-14.177445
834,-5.1845345,-14.193462
835,-7.218384,-14.954153
836,-7.155495,-13.806191
837,-5.783328,-14.194812
838,-8.368342,-14.525878
839,-8.150244,-14.61652
840,-7.0722647,-15.487633
841,-6.9566994,-13.630175
842,-6.4344974,-14.643394
843,-6.4332604,-13.82348
844,-6.29716,-14.696942
845,-6.024274,-15.149276
846,-6.2661257,-14.672697
847,-5.0276165,-15.4767065
848,-6.6006293,-14.620866
849,-5.773678,-14.346739
850,-6.724771,-16.335154
851,-6.751041,-16.30101
852,-6.700869,-16.324697
853,-6.7044888,-16.357681
854,-6.8615294,-16.25703
855,-6.7588797,-16.266903
856,-6.6974316,-16.359528
857,-6.719853,-16.267271
858,-6.739345,-16.18347
859,-6.6542068,-16.153894
860,-6.686049,-16.188997
861,-6.8287683,-16.231031
862,-6.7451196,-16.212637
863,-6.768575,-16.232534
864,-6.6931305,-16.178816
865,-6.6958117,-16.142313
866,-6.67653,-16.11106
867,-6.654016,-16.169704
868,-6.781475,-16.05102
869,-6.8559422,-15.916944
870,-6.7847815,-16.000849
871,-6.568343,-16.068789
872,-6.669279,-16.059263
873,-7.0112734,-15.731194
874,-6.757081,-15.645928
875,-6.585469,-15.697175
876,-6.167772,-15.49051
877,-5.871359,-15.46587
878,-6.422372,-15.444418
879,-6.321655,-15.425964
880,-6.423157,-15.524617
881,-6.0923257,-15.366714
882,-6.1802745,-15.257854
883,-6.0835648,-15.23063
884,-6.4040866,-16.523785
885,-5.488707,-15.504091
886,-6.19025,-16.102839
887,-7.3289757,-13.603163
888,-7.157257,-14.595574
889,-7.7987585,-14.046675
890,-7.567261,-13.762498
891,-4.9586883,-15.582357
892,-4.97568,-15.5202465
893,-5.3959413,-15.624844
894,-6.2032313,-15.196985
895,-7.1871996,-15.000544
896,-6.8378973,-14.176941
897,-7.346716,-15.272141
898,-7.5857034,-16.542356
899,-7.042839,-14.162549
900,-6.2279906,-14.718693
901,-6.9952774,-15.054215
902,-6.143621,-13.764558
903,-6.864805,-13.650948
904,-6.1720576,-13.978159
905,-5.9659085,-14.091649
906,-6.429807,-13.766171
907,-5.660413,-14.041551
908,-6.476772,-15.662547
909,-6.7637215,-13.735325
910,-5.954955,-15.052746
911,-5.915976,-15.0570545
912,-5.94861,-15.108722
913,-6.279725,-14.535375
914,-6.1295824,-14.424501
915,-6.330753,-14.327163
916,-6.2901716,-14.234193
917,-7.079948,-14.519404
918,-7.5699344,-14.208684
919,-8.4446,-14.163946
920,-7.8793535,-13.980826
921,-7.8692007,-13.990362
922,-7.8237267,-13.947455
923,-8.152621,-15.148368
924,-8.01656,-14.080348
925,-7.422573,-14.081573
926,-8.486416,-16.185234
927,-6.308329,-14.2842
928,-7.375271,-14.472747
929,-6.6610823,-14.209709
930,-6.359872,-14.209727
931,-6.6201353,-14.29221
932,-6.750901,-14.654366
933,-5.349101,-14.666051
934,-8.310128,-17.31176
935,-7.5995812,-18.193766
936,-7.564514,-18.184746
937,-7.504289,-18.17186
938,-7.5956383,-18.26478
939,-7.6216826,-18.297459
940,-7.6110415,-18.266247
941,-7.6266894,-18.291649
942,-7.6206107,-18.285322
943,-7.612876,-18.285543
944,-7.636119,-18.281204
945,-7.6417584,-18.337076
946,-7.639172,-18.283049
947,-7.6305556,-18.293856
948,-7.6511817,-18.276175
949,-7.62305,-18.25218
950,-7.677763,-18.305191
951,-7.6628246,-18.26386
952,-7.6558137,-18.29053
953,-7.6533375,-18.302277
954,-7.4723682,-18.140955
955,-7.3865404,-18.057684
956,-7.3036337,-18.080185
957,-7.38823,-18.059105
958,-7.4638457,-18.099794
959,-7.323516,-18.025316
960,-7.329649,-18.021172
961,-7.3944025,-18.035685
962,-7.388169,-18.026974
963,-7.39042,-17.989548
964,-7.520845,-18.193375
965,-7.348897,-18.037357
966,-7.3596625,-18.032608
967,-7.3739667,-18.031992
968,-7.351461,-18.022036
969,-7.3256307,-17.949284
970,-7.573902,-18.19634
971,-7.4138346,-18.026442
972,-7.5068464,-18.100029
973,-7.392582,-18.00945
974,-7.2964892,-17.819794
975,-7.244279,-17.76356
976,-7.0736537,-17.794292
977,-7.0076666,-17.788473
978,-7.1330476,-17.879908
979,-6.6154666,-17.611698
980,-7.5201163,-18.213896
981,-6.667066,-17.575361
982,-6.6391616,-17.546682
983,-6.6171317,-17.535534
984,-6.6901336,-17.373434
985,-7.0820236,-17.643097
986,-7.0052767,-17.566994
987,-6.8495817,-17.444107
988,-6.923645,-17.520521
989,-7.0449576,-17.674047
990,-7.47781,-18.168543
991,-6.9758015,-17.653759
992,-6.97721,-17.499613
993,-8.03504,-17.76246
994,-7.9103866,-17.678131
995,-7.7576857,-17.790777
996,-7.799659,-17.767246
997,-7.828619,-17.81453
998,-7.950292,-17.80789
999,-7.9776177,-17.778284
1000,-8.0673065,-17.788443
1001,-7.9416633,-17.740026
1002,-7.9276247,-17.724731
1003,-7.9495397,-17.719471
1004,-8.31236,-17.739359
1005,-8.345945,-17.714237
1006,-8.735843,-17.610134
1007,-8.900803,-17.417248
1008,-8.335248,-17.743748
1009,-8.761898,-17.621439
1010,-8.934931,-17.360945
1011,-8.785844,-17.54121
1012,-8.121536,-16.453688
1013,-8.7760725,-17.618542
1014,-8.828094,-17.46413
1015,-8.806356,-17.549929
1016,-8.866383,-17.48875
1017,-8.43867,-17.70187
1018,-8.227469,-17.805342
1019,-9.006733,-17.611843
1020,-6.760698,-16.066572
1021,-7.0375266,-16.04204
1022,-9.556444,-15.873919
1023,-6.977252,-15.61289
1024,-6.950121,-15.598137
1025,-6.842926,-15.547538
1026,-6.82915,-15.570899
1027,-9.663391,-15.911682
1028,-6.7698755,-15.501845
1029,-5.839159,-15.395383
1030,-5.73425,-15.413102
1031,-5.7690005,-15.560676
1032,-5.8520246,-15.322165
1033,-5.8777432,-15.379406
1034,-5.9501743,-15.415348
1035,-7.116701,-16.271946
1036,-6.7040014,-15.578194
1037,-6.821605,-15.543129
1038,-6.878933,-15.01232
1039,-6.8585844,-14.872967
1040,-6.5891433,-14.871515
1041,-6.5557475,-14.970917
1042,-6.385296,-14.954142
1043,-6.4697204,-14.810514
1044,-6.6282706,-15.035298
1045,-6.893469,-15.275411
1046,-4.9464397,-15.575838
1047,-7.04327,-14.5978155
1048,-7.1812224,-14.773297
1049,-5.4024076,-15.177136
1050,-6.9614244,-15.678859
1051,-6.0189557,-15.180095
1052,-5.2220306,-15.0574875
1053,-6.0331903,-15.219699
1054,-6.243739,-15.636055
1055,-5.908991,-15.573494
1056,-5.571998,-15.086859
1057,-5.795525,-15.337325
1058,-5.3617377,-15.772429
1059,-5.4439135,-15.916998
1060,-5.6695027,-15.068544
1061,-7.355719,-13.585388
1062,-5.9987683,-15.95128
1063,-7.6425424,-13.600517
1064,-7.709938,-13.860915
1065,-7.6091146,-13.533946
1066,-4.9354258,-15.282347
1067,-7.2054443,-14.530766
1068,-7.471145,-13.709188
1069,-7.657373,-13.779505
1070,-7.270013,-13.724848
1071,-7.3982906,-13.938568
1072,-7.13921,-14.035334
1073,-7.303843,-13.703821
1074,-5.3574758,-14.278574
1075,-7.383967,-14.821019
1076,-5.576393,-14.795509
1077,-5.9590077,-15.243102
1078,-6.3239923,-13.538983
1079,-7.47274,-15.20601
1080,-5.785389,-13.843383
1081,-6.4480963,-14.9255705
1082,-7.1383696,-14.031144
1083,-7.017047,-15.133109
1084,-5.056513,-14.266068
1085,-6.7910895,-14.436669
1086,-7.062689,-14.08805
1087,-7.787717,-15.235938
1088,-5.9678254,-14.835027
1089,-6.6456637,-14.584089
1090,-6.5990133,-15.075831
1091,-6.1566954,-15.663812
1092,-6.42874,-14.83096
1093,-6.4299483,-14.866477
1094,-6.3896055,-14.639537
1095,-6.8985577,-15.327209
1096,-6.632687,-15.090282
1097,-6.4621015,-14.909516
1098,-6.4279165,-14.351562
1099,-6.4356337,-14.202135
1100,-6.43777,-14.443087
1101,-6.544745,-14.062935
1102,-6.749904,-14.10443
1103,-6.458731,-14.215498
1104,-6.33678,-14.785499
1105,-7.228928,-16.962463
1106,-7.145409,-16.99878
1107,-7.167275,-17.06342
1108,-7.1038704,-17.02347
1109,-7.089111,-17.069258
1110,-7.0542264,-17.003088
1111,-7.073317,-16.988424
1112,-7.117163,-16.932787
1113,-7.0905085,-17.000187
1114,-7.144272,-16.970606
1115,-7.0992594,-16.941324
1116,-7.077098,-17.015844
1117,-7.2030478,-16.902983
1118,-7.151054,-16.88748
1119,-7.2871943,-16.921005
1120,-7.324274,-16.84737
1121,-7.32023,-16.84076
1122,-7.3532186,-16.877943
1123,-7.4994597,-16.785736
1124,-7.478504,-16.699068
1125,-7.2584596,-16.736822
1126,-7.4919667,-16.795452
1127,-7.4755163,-16.809046
1128,-7.476573,-16.853691
1129,-7.4817605,-16.86913
1130,-7.5799594,-16.918093
1131,-7.9447417,-16.960022
1132,-7.417492,-14.536795
1133,-7.9806695,-16.242113
1134,-7.8989196,-16.936628
1135,-7.734219,-15.737437
1136,-7.0463185,-16.7081
1137,-7.1157413,-16.931364
1138,-7.0999384,-16.608782
1139,-7.851292,-16.573484
1140,-7.2523904,-16.113419
1141,-7.350907,-16.568703
1142,-6.7977786,-16.78487
1143,-6.547774,-16.69085
1144,-7.0126677,-17.546553
1145,-9.318167,-17.27656
1146,-7.05873,-17.008821
1147,-8.662097,-15.960835
1148,-8.530773,-15.243456
1149,-8.0412,-15.339725
1150,-8.658668,-16.574343
1151,-7.2991333,-15.38494
1152,-6.4404926,-16.088062
1153,-6.464118,-14.415739
1154,-8.349415,-16.854673
1155,-8.117122,-16.070202
1156,-8.7823925,-16.62508
1157,-8.844205,-17.351332
1158,-7.3501678,-14.777307
1159,-7.3572497,-14.32855
1160,-7.4607854,-14.345301
1161,-7.5593767,-14.122045
1162,-6.7759976,-14.630823
1163,-7.615476,-14.780253
1164,-8.0305395,-14.872735
1165,-7.647325,-16.686785
1166,-6.941089,-14.470547
1167,-8.243656,-15.524208
1168,-7.467336,-15.381978
1169,-5.6307864,-14.816836
1170,-7.770349,-15.049424
1171,-7.696744,-15.845443
1172,-6.848924,-16.355469
1173,-6.6689677,-15.581262
1174,-6.2129903,-15.036514
1175,-6.744888,-15.992652
1176,-6.4422855,-15.000269
1177,-8.678307,-16.048096
1178,-7.685824,-16.854519
1179,-9.065338,-16.729488
1180,-5.6344595,-16.71125
1181,-8.469824,-14.969194
1182,-6.9501567,-14.356747
1183,-5.444752,-16.366096
1184,-6.3384852,-15.990678
1185,-6.3087854,-14.453213
1186,-6.3286514,-14.308926
1187,-5.4786296,-13.679717
1188,-6.73746,-15.529537
1189,-5.4743814,-13.760713
1190,-8.261196,-15.921652
1191,-8.282342,-15.938347
1192,-8.593141,-15.777766
1193,-8.618462,-15.744545
1194,-8.65533,-15.745745
1195,-8.777998,-15.813561
1196,-8.707901,-15.755
1197,-8.688272,-15.706947
1198,-8.708132,-15.701962
1199,-8.659539,-15.730466
1200,-8.650712,-15.726675
1201,-8.440631,-15.879364
1202,-8.486066,-15.8208685
1203,-8.136979,-15.858491
1204,-8.156967,-15.878273
1205,-8.148911,-15.873338
1206,-8.146656,-15.841261
1207,-8.024714,-15.719598
1208,-7.836561,-15.574428
1209,-7.8070583,-15.55757
1210,-7.743792,-15.526854
1211,-7.5794106,-15.370412
1212,-7.2741985,-15.338193
1213,-7.2196293,-15.371195
1214,-7.2384086,-15.370566
1215,-5.9176064,-15.619803
1216,-7.1012735,-15.126338
1217,-7.2694163,-15.268794
1218,-7.1456847,-15.46089
1219,-7.968136,-15.626556
1220,-6.328988,-13.944553
1221,-7.292256,-15.880646
1222,-7.2879624,-15.96057
1223,-8.405273,-15.26131
1224,-7.230935,-16.024157
1225,-8.136811,-15.239507
1226,-8.076125,-15.65215
1227,-6.0827427,-13.614168
1228,-5.993725,-13.704229
1229,-5.755423,-14.18778
1230,-6.457699,-14.080711
1231,-6.384251,-13.72123
1232,-6.1333942,-14.84432
1233,-5.093763,-14.162463
1234,-7.2461915,-14.343272
1235,-7.2595744,-14.268531
1236,-7.3709373,-14.270202
1237,-5.9082513,-14.177641
1238,-7.263295,-13.918138
1239,-7.4590917,-14.572318
1240,-5.2348394,-15.107369
1241,-6.634022,-14.138917
1242,-6.9992843,-14.722896
1243,-5.6001396,-14.5662565
1244,-6.799866,-13.6139345
1245,-6.6950517,-13.496619
1246,-8.270454,-14.63826
1247,-5.31391,-13.926368
1248,-5.6467075,-13.671688
1249,-5.1474557,-14.0341625
1250,-6.5042663,-13.569109
1251,-5.8615627,-13.701682
1252,-6.563162,-13.636199
1253,-6.051201,-14.054191
1254,-6.059317,-14.033275
1255,-8.466904,-15.742152
1256,-6.9527497,-14.170785
1257,-6.879413,-14.63211
1258,-6.6806116,-14.087178
1259,-7.309973,-14.267221
1260,-7.475375,-15.268553
1261,-6.1603394,-14.406435
1262,-6.651343,-13.584211
1263,-4.931645,-15.628507
1264,-6.659457,-14.222472
1265,-4.9558353,-15.613635
1266,-7.532321,-14.07223
1267,-6.5020347,-14.273937
1268,-6.722034,-14.622093
1269,-7.4151845,-14.332951
1270,-5.9392824,-14.860507
1271,-6.57714,-14.510741
1272,-6.485879,-13.759197
1273,-6.080587,-15.002587
1274,-6.190029,-13.359122
1275,-7.0009627,-15.9449835
1276,-7.0258884,-16.076551
1277,-7.0340276,-16.035522
1278,-7.0150557,-16.12614
1279,-7.022984,-16.031752
1280,-7.0185394,-16.084265
1281,-7.1031356,-16.140133
1282,-6.9471045,-16.079014
1283,-7.09159,-16.122068
1284,-7.041272,-16.040352
1285,-7.1900163,-16.000067
1286,-7.248299,-16.059908
1287,-7.2908416,-15.927119
1288,-7.0959764,-16.093147
1289,-7.3490324,-15.732864
1290,-7.6678653,-15.730569
1291,-7.710879,-15.817837
1292,-7.518502,-15.685406
1293,-8.586202,-17.25001
1294,-7.440854,-15.7127
1295,-8.06581,-16.611654
1296,-7.7011995,-15.79003
1297,-7.4467554,-15.697809
1298,-7.552314,-15.8314495
1299,-7.5428276,-15.941705
1300,-5.8449283,-14.586221
1301,-7.0173535,-15.54638
1302,-7.6213994,-15.548672
1303,-7.3194127,-16.070364
1304,-7.2616315,-16.178776
1305,-7.2113853,-16.236023
1306,-5.9255857,-15.780188
1307,-5.9591756,-15.682691
1308,-5.772977,-15.606646
1309,-5.735462,-15.695649
1310,-4.8428936,-14.309821
1311,-7.3958864,-15.494461
1312,-5.175271,-15.58181
1313,-5.5596046,-14.332633
1314,-5.7620683,-13.913105
1315,-5.2594657,-15.371498
1316,-5.3783107,-15.224891
1317,-5.370591,-14.407164
1318,-6.0148597,-13.509431
1319,-5.9875436,-13.747908
1320,-7.482404,-15.343506
1321,-5.2118797,-14.155194
1322,-7.412102,-13.5412855
1323,-6.970874,-13.410689
1324,-6.8511806,-13.658957
1325,-5.8121486,-14.919636
1326,-7.0950394,-13.782361
1327,-7.2298555,-14.640398
1328,-8.037906,-15.100453
1329,-4.962319,-15.428972
1330,-5.027328,-15.498291
1331,-5.1440787,-15.333602
1332,-5.879059,-15.058869
1333,-6.059684,-14.935192
1334,-6.947913,-15.14412
1335,-5.5235777,-15.278645
1336,-5.842234,-14.609927
1337,-6.797284,-13.828848
1338,-6.780963,-13.76968
1339,-6.978881,-14.38068
1340,-7.064172,-14.370685
1341,-4.99831,-14.646073
1342,-6.5593486,-14.494994
1343,-5.146662,-14.54273
1344,-5.4977593,-14.823656
1345,-5.3398147,-14.275519
1346,-5.3620605,-14.731422
1347,-5.428035,-14.545566
1348,-5.4232883,-14.098362
1349,-6.5420184,-14.599257
1350,-5.691791,-14.66767
1351,-5.9744883,-14.296663
1352,-5.6235914,-14.8083935
1353,-5.3082347,-14.637945
1354,-5.3407702,-14.291616
1355,-5.224725,-14.515472
1356,-5.660752,-14.266442
1357,-5.1214304,-14.287929
1358,-5.579433,-14.693561
1359,-6.242721,-14.952635
1360,-6.368488,-17.451153
1361,-6.369363,-17.467716
1362,-6.3301625,-17.447931
1363,-6.3402815,-17.435608
1364,-6.3499756,-17.413126
1365,-6.357352,-17.4287
1366,-6.3412423,-17.417023
1367,-6.340193,-17.4247
1368,-6.369237,-17.377836
1369,-6.339807,-17.408203
1370,-6.451298,-17.367104
1371,-6.4393864,-17.40046
1372,-6.5222936,-17.338396
1373,-6.5925136,-17.325256
1374,-6.7848735,-17.403723
1375,-6.7450676,-17.352232
1376,-6.578473,-17.32001
1377,-6.7798176,-17.258423
1378,-6.7699285,-17.231005
1379,-6.722593,-17.226236
1380,-6.7550526,-17.130062
1381,-6.709801,-17.23111
1382,-6.6998844,-17.101383
1383,-6.755354,-17.146372
1384,-6.8037663,-17.101078
1385,-6.805276,-17.142859
1386,-6.9910207,-17.011229
1387,-6.803099,-17.071331
1388,-6.8170867,-16.890352
1389,-6.8379784,-16.802519
1390,-6.733131,-16.751217
1391,-6.740308,-16.667742
1392,-5.314074,-15.758354
1393,-6.879292,-16.565413
1394,-7.065161,-16.107756
1395,-6.9361153,-16.597795
1396,-6.8359385,-16.35882
1397,-7.144349,-16.152985
1398,-7.085952,-16.252909
1399,-7.066159,-16.097136
1400,-7.0750394,-16.357237
1401,-6.943607,-15.881322
1402,-7.0540795,-15.945536
1403,-7.2920513,-15.811965
1404,-6.9097323,-16.516155
1405,-6.884391,-16.484962
1406,-6.8941994,-16.495762
1407,-6.7794147,-14.8492365
1408,-6.9332814,-16.415052
1409,-6.942665,-16.502077
1410,-7.239827,-15.27212
1411,-6.8343687,-15.884168
1412,-6.2986374,-16.204525
1413,-6.8149886,-16.485065
1414,-7.413575,-16.06305
1415,-5.388346,-15.806032
1416,-6.917671,-15.982343
1417,-6.520695,-15.105382
1418,-7.0980825,-15.682974
1419,-7.0561314,-15.859555
1420,-8.246549,-17.773294
1421,-7.192288,-15.888878
1422,-7.1067,-15.803985
1423,-7.7067947,-16.140255
1424,-6.5751314,-15.502899
1425,-8.7343,-16.823824
1426,-8.723359,-16.877863
1427,-6.9960747,-15.171211
1428,-8.447523,-15.58788
1429,-7.0235224,-13.69744
1430,-7.5886,-14.105424
1431,-6.940658,-15.136098
1432,-6.7966204,-15.377554
1433,-7.1311674,-15.255329
1434,-7.6100593,-14.056852
1435,-7.5170064,-14.486412
1436,-7.560033,-14.494865
1437,-6.993358,-15.514948
1438,-6.3611665,-16.472687
1439,-6.078112,-14.329353
1440,-5.9235406,-13.649601
1441,-6.40785,-16.211962
1442,-6.005406,-13.452928
1443,-5.873604,-15.967517
1444,-5.9469376,-15.997695
1445,-5.92191,-13.841674
1446,-5.925345,-13.881967
1447,-5.9089255,-13.873148
1448,-5.9105053,-13.922165
1449,-5.966252,-13.905052
1450,-5.8912277,-13.90894
1451,-5.9417543,-13.817778
1452,-5.8966517,-13.753934
1453,-5.963517,-13.699041
1454,-5.9729934,-13.775629
1455,-5.937409,-13.703298
1456,-5.9461107,-13.884003
1457,-5.9609795,-13.755793
1458,-6.0495872,-13.670035
1459,-6.0737104,-13.766959
1460,-6.078247,-14.681636
1461,-6.03171,-14.777686
1462,-6.0091558,-13.698312
1463,-5.9965363,-13.6542015
1464,-5.9832954,-13.586424
1465,-5.8183036,-13.699246
1466,-6.0172114,-13.580407
1467,-6.036915,-13.600713
1468,-6.1084366,-13.653585
1469,-6.1004443,-13.554247
1470,-6.092854,-13.548566
1471,-6.084587,-13.518434
1472,-6.177805,-13.466985
1473,-8.807545,-14.589922
1474,-6.1835046,-13.488812
1475,-6.1811333,-13.479833
1476,-6.1280556,-13.458705
1477,-5.49778,-13.724359
1478,-5.476219,-13.751958
1479,-5.4680376,-13.773592
1480,-5.564607,-13.890592
1481,-5.537547,-13.750609
1482,-5.765703,-14.001704
1483,-5.6678405,-14.278898
1484,-5.0600157,-14.355732
1485,-5.723691,-14.214542
1486,-5.5565786,-14.257579
1487,-5.862346,-14.5378475
1488,-5.771877,-14.680875
1489,-5.411463,-13.802521
1490,-5.536167,-14.6723
1491,-5.5362854,-14.440411
1492,-5.109451,-14.52105
1493,-5.3056626,-15.181715
1494,-6.8814473,-15.696536
1495,-6.941402,-15.886679
1496,-6.4681106,-14.961254
1497,-4.9489417,-14.591014
1498,-4.8959403,-14.806873
1499,-4.971334,-14.3245325
1500,-4.918979,-15.495216
1501,-5.771226,-15.191967
1502,-5.1287317,-14.335249
1503,-5.9270806,-14.942222
1504,-7.3758307,-15.722
1505,-5.408369,-15.240341
1506,-5.1158257,-14.233262
1507,-4.9751887,-15.383288
1508,-5.2135277,-14.778229
1509,-5.3596168,-14.832999
1510,-5.320362,-15.342206
1511,-4.9562407,-14.877933
1512,-6.057688,-14.549603
1513,-5.0224333,-14.869527
1514,-4.926351,-14.790174
1515,-5.4755926,-14.019959
1516,-5.414945,-14.119114
1517,-5.1930313,-14.664612
1518,-4.989926,-14.244887
1519,-4.8233852,-14.469878
1520,-7.705235,-14.825071
1521,-7.693949,-14.456588
1522,-5.913423,-14.66022
1523,-6.0950546,-13.436571
1524,-8.48765,-15.042217
1525,-4.9125834,-14.840838
1526,-5.5342593,-14.484478
1527,-5.797874,-13.906717
1528,-5.4771214,-14.152525
1529,-5.5795217,-14.4480505
1530,-6.287582,-16.873285
1531,-6.2513666,-16.808996
1532,-6.207279,-16.822742
1533,-6.225122,-16.901438
1534,-6.2316227,-16.9136
1535,-6.253446,-16.88766
1536,-6.2967625,-16.816545
1537,-6.08115,-16.805351
1538,-6.175398,-16.851377
1539,-6.050286,-16.843035
1540,-6.054148,-16.831907
1541,-6.026611,-16.836683
1542,-6.0166526,-16.840986
1543,-6.01327,-16.831808
1544,-6.051737,-16.809767
1545,-6.0304937,-16.762636
1546,-6.00968,-16.735264
1547,-6.0756946,-16.737268
1548,-6.2357373,-16.732155
1549,-6.052811,-16.72145
1550,-6.092088,-16.525232
1551,-5.963102,-16.621868
1552,-6.1094084,-16.27273
1553,-6.075158,-16.30473
1554,-5.938881,-16.429747
1555,-5.9284015,-16.439877
1556,-5.9348426,-16.400337
1557,-5.94557,-16.230892
1558,-5.800401,-16.07799
1559,-8.550466,-17.3306
1560,-6.567285,-16.408298
1561,-6.5753064,-16.417658
1562,-6.1960583,-16.064589
1563,-6.517251,-16.462543
1564,-6.435809,-16.267454
1565,-7.0730095,-16.477394
1566,-5.8873067,-15.851107
1567,-5.7503495,-15.443859
1568,-8.276594,-17.237053
1569,-6.706646,-15.460694
1570,-6.699203,-15.807243
1571,-6.7323656,-14.4037075
1572,-6.7193236,-15.885561
1573,-6.619938,-15.801519
1574,-6.649479,-15.764049
1575,-5.7974563,-14.74481
1576,-6.6394024,-16.149761
1577,-5.6829314,-14.736511
1578,-6.246206,-14.869161
1579,-6.6960745,-15.4783
1580,-6.26109,-13.3919525
1581,-5.66876,-15.503013
1582,-6.633534,-14.67218
1583,-7.650447,-14.939012
1584,-5.015511,-14.286749
1585,-7.0519824,-14.235452
1586,-6.3772144,-14.48234
1587,-6.3422713,-14.508061
1588,-6.3104196,-14.597061
1589,-6.9659204,-14.779849
1590,-8.999897,-15.123628
1591,-5.585953,-14.365412
1592,-6.7108965,-14.522744
1593,-6.550606,-14.092368
1594,-6.5599265,-14.105122
1595,-6.1447024,-14.281638
1596,-7.703916,-15.107388
1597,-5.303042,-14.089422
1598,-7.931754,-14.878268
1599,-6.980331,-14.434735
1600,-7.4481583,-15.473442
1601,-6.6317077,-15.85911
1602,-6.691712,-14.755005
1603,-7.835046,-14.604441
1604,-6.6324615,-14.05612
1605,-7.3995414,-15.153145
1606,-7.0002465,-14.261565
1607,-6.893064,-14.601484
1608,-5.5555496,-13.639662
1609,-6.665775,-14.620406
1610,-7.6270638,-15.182977
1611,-5.607634,-13.643994
1612,-8.400808,-14.4600315
1613,-6.343243,-15.323884
1614,-6.7578697,-15.619168
1615,-8.524922,-15.886146
1616,-8.655482,-15.887499
1617,-9.427712,-15.949848
1618,-8.781382,-15.467288
1619,-9.330743,-15.205121
1620,-9.319719,-15.530245
1621,-9.030091,-15.458123
1622,-9.003636,-15.423267
1623,-8.9877405,-15.3684635
1624,-9.091306,-15.464888
1625,-9.350593,-15.524705
1626,-9.417469,-15.709576
1627,-8.208493,-15.750647
1628,-9.269127,-15.799999
1629,-8.79104,-14.897513
1630,-9.006595,-15.957618
1631,-9.076455,-15.872241
1632,-9.03147,-15.746079
1633,-8.329645,-15.256921
1634,-8.2759075,-15.1888895
1635,-8.269364,-15.154262
1636,-8.1311245,-15.148553
1637,-7.999309,-15.196616
1638,-8.197638,-14.930392
1639,-8.144828,-14.915923
1640,-8.209501,-14.978534
1641,-8.079399,-15.022697
1642,-8.22993,-15.054735
1643,-7.4772687,-15.064473
1644,-7.393375,-15.128125
1645,-8.204851,-14.853696
1646,-8.035089,-14.865027
1647,-7.8606424,-15.670033
1648,-8.78418,-15.684036
1649,-7.976791,-14.942676
1650,-7.9178333,-14.875601
1651,-9.214864,-15.762996
1652,-8.730725,-16.093832
1653,-8.784139,-14.969006
1654,-8.8889675,-15.222662
1655,-8.9432125,-15.355203
1656,-8.7626,-15.191673
1657,-8.73539,-15.205111
1658,-8.901014,-15.25324
1659,-8.730262,-15.32321
1660,-8.990332,-15.273455
1661,-8.518696,-15.568767
1662,-8.48517,-15.50368
1663,-8.414331,-15.429949
1664,-8.9282675,-15.574051
1665,-8.151214,-15.407087
1666,-8.835411,-16.155443
1667,-8.353898,-15.862385
1668,-8.387164,-15.835155
1669,-8.492651,-15.998034
1670,-8.347766,-15.925942
1671,-8.475566,-15.926191
1672,-8.208038,-15.394883
1673,-8.236707,-15.436027
1674,-8.478231,-16.146711
1675,-8.522573,-16.189
1676,-8.592446,-16.208174
1677,-8.502611,-16.264114
1678,-8.214796,-16.177843
1679,-8.301764,-16.199772
1680,-8.524567,-16.368006
1681,-8.5056,-16.38037
1682,-8.639013,-16.344284
1683,-8.493666,-16.298454
1684,-8.622236,-16.361584
1685,-8.3371315,-16.252142
1686,-8.361714,-16.214342
1687,-8.789751,-16.243305
1688,-8.7074585,-17.045986
1689,-8.797321,-16.815847
1690,-8.802719,-16.775028
1691,-8.617268,-16.309498
1692,-8.729692,-16.821642
1693,-8.666333,-16.239492
1694,-8.6434145,-16.279287
1695,-8.437586,-16.28171
1696,-8.579073,-16.17757
1697,-8.014335,-15.921738
1698,-8.136274,-15.668182
1699,-8.004115,-15.768964
1700,-5.7003284,-15.855728
1701,-5.6853237,-15.96016
1702,-5.437857,-16.123905
1703,-5.4275603,-16.320953
1704,-5.4186864,-16.253464
1705,-5.5070896,-16.259357
1706,-5.4619317,-16.421387
1707,-5.4520745,-16.402365
1708,-5.590387,-16.546715
1709,-5.5202518,-16.37636
1710,-5.5172634,-16.359533
1711,-5.4229965,-16.121363
1712,-5.446187,-16.187502
1713,-5.571127,-16.193333
1714,-5.5721936,-16.146269
1715,-5.5704536,-16.22787
1716,-5.566149,-16.22251
1717,-5.5321493,-16.598854
1718,-5.5328646,-16.572939
1719,-5.522286,-16.601934
1720,-5.5168056,-16.608818
1721,-5.5253053,-16.547062
1722,-5.6099057,-16.49274
1723,-5.8176866,-16.272696
1724,-5.713006,-16.443817
1725,-5.760735,-16.38211
1726,-5.637011,-16.264364
1727,-6.0327263,-16.06905
1728,-6.0314507,-16.136463
1729,-6.016714,-15.976983
1730,-6.0256834,-16.05017
1731,-6.282492,-15.86193
1732,-6.3038087,-15.795429
1733,-6.6543374,-15.567879
1734,-6.620684,-15.609033
1735,-6.8643155,-15.288122
1736,-6.7835183,-15.405366
1737,-6.760242,-15.252833
1738,-6.725245,-15.242811
1739,-6.991379,-15.425412
1740,-6.6760893,-15.270314
1741,-6.65338,-15.193003
1742,-6.6444154,-15.189461
1743,-6.6519194,-15.1804495
1744,-6.6490164,-15.144479
1745,-6.6333356,-15.113803
1746,-6.677722,-15.148153
1747,-6.598246,-15.359654
1748,-6.3914633,-15.843493
1749,-6.3500304,-15.92832
1750,-6.339229,-15.972689
1751,-6.333004,-15.922652
1752,-6.324668,-16.008131
1753,-6.3097396,-16.024687
1754,-6.2781024,-16.002344
1755,-6.3332114,-16.057234
1756,-6.2521057,-16.027445
1757,-6.2984858,-16.065886
1758,-6.337085,-15.622289
1759,-6.37403,-15.345263
1760,-6.331137,-15.245229
1761,-6.3042603,-15.336869
1762,-6.2892056,-15.394443
1763,-6.2124777,-15.626419
1764,-6.3168955,-15.53791
1765,-6.280429,-15.550022
1766,-6.3686476,-15.633803
1767,-6.2412376,-15.662502
1768,-6.250017,-15.639329
1769,-6.307314,-15.942889
1770,-6.1498604,-15.825417
1771,-6.1084237,-15.785093
1772,-7.9635215,-16.180447
1773,-8.462591,-16.253548
1774,-6.397336,-15.548918
1775,-6.205868,-15.740231
1776,-6.23412,-15.788058
1777,-6.9962635,-16.366554
1778,-6.219191,-15.8889065
1779,-8.029405,-16.20769
1780,-8.62468,-16.273224
1781,-7.3399134,-17.446772
1782,-8.356819,-14.98282
1783,-8.446548,-15.139592
1784,-7.56937,-16.5408
1785,-8.253982,-15.5623665
1786,-8.3111925,-15.84384
1787,-8.346972,-15.617367
1788,-8.165285,-15.761997
1789,-8.35654,-15.928179
1790,-8.577833,-15.654138
1791,-8.623798,-15.551534
1792,-8.487456,-15.619386
1793,-8.075015,-15.744044
1794,-8.16659,-16.105316
1795,-8.814522,-14.665155
1796,-8.94303,-14.840018
1797,-8.900966,-14.946918
1798,-8.964186,-14.860063
1799,-8.913991,-14.837087
1800,-8.85257,-14.733671
1801,-8.800354,-14.739953
1802,-8.918206,-14.711209
1803,-8.903197,-14.665237
1804,-8.893432,-14.718223
1805,-8.823492,-14.869421
1806,-8.791135,-14.865529
1807,-8.872662,-14.719321
1808,-8.950255,-14.650765
1809,-8.954578,-14.664034
1810,-8.914489,-14.688543
1811,-8.789726,-14.855807
1812,-8.9154215,-14.75902
1813,-8.972546,-14.709131
1814,-8.994456,-14.615282
1815,-8.936939,-14.731971
1816,-7.5640864,-16.719273
1817,-7.501924,-16.872816
1818,-8.8982725,-14.623199
1819,-7.3207374,-16.988005
1820,-8.8847475,-14.54993
1821,-8.99842,-14.619284
1822,-8.940349,-14.572556
1823,-8.918238,-14.553765
1824,-7.582625,-16.826582
1825,-7.3628435,-17.192608
1826,-9.027619,-14.53991
1827,-7.4184623,-17.134165
1828,-8.905461,-14.456663
1829,-7.261009,-17.2711
1830,-7.3695793,-17.381948
1831,-7.351647,-17.379175
1832,-7.3502154,-17.434597
1833,-7.3880353,-17.346428
1834,-7.324667,-17.50598
1835,-7.3959994,-17.462719
1836,-7.362984,-17.502562
1837,-7.3270226,-17.506756
1838,-7.3428774,-17.49539
1839,-7.3221016,-17.560604
1840,-7.2920556,-17.536413
1841,-7.5401597,-17.343307
1842,-7.301249,-17.106186
1843,-7.3766904,-17.432993
1844,-7.3704824,-17.479471
1845,-7.4144993,-17.460758
1846,-7.461698,-17.461613
1847,-7.5370083,-17.352325
1848,-7.56868,-17.47638
1849,-7.5185485,-17.434387
1850,-7.5670576,-17.467731
1851,-7.606118,-17.43229
1852,-7.568922,-17.498182
1853,-7.5947123,-17.461931
1854,-7.6123405,-17.497337
1855,-7.560546,-17.39443
1856,-7.559016,-17.46477
1857,-7.562408,-17.450884
1858,-7.2610283,-16.663815
1859,-7.2342935,-16.661499
1860,-7.2378044,-16.645151
1861,-7.4957614,-17.1269
1862,-7.478294,-17.254366
1863,-7.233222,-16.645525
1864,-7.247903,-16.6022
1865,-7.5436563,-17.252438
1866,-7.667521,-17.164207
1867,-7.6169844,-17.219416
1868,-7.5119967,-17.240265
1869,-7.365255,-17.436455
1870,-6.502742,-17.94837
1871,-6.5117598,-18.03591
1872,-6.5392904,-17.951445
1873,-6.5391254,-17.979223
1874,-6.5295777,-18.03731
1875,-6.5535917,-17.980967
1876,-6.569544,-17.968904
1877,-6.5297174,-17.95316
1878,-6.520218,-18.037418
1879,-6.5278544,-17.998833
1880,-6.499389,-17.974648
1881,-6.472661,-18.001764
1882,-6.47074,-18.01147
1883,-6.4864793,-17.998085
1884,-6.4576316,-17.990992
1885,-6.470289,-17.974796
1886,-6.4416876,-18.043291
1887,-6.517738,-17.97161
1888,-6.4907565,-17.998407
1889,-6.5043354,-17.9904
1890,-6.4933863,-17.982752
1891,-6.4452324,-18.037203
1892,-6.4654136,-18.040073
1893,-6.404649,-18.05371
1894,-6.473193,-18.071085
1895,-6.4236884,-18.008438
1896,-6.397471,-18.05212
1897,-6.389726,-18.046556
1898,-6.4186015,-18.06764
1899,-6.3458586,-18.094084
1900,-6.325937,-18.06676
1901,-6.35172,-18.02046
1902,-6.320153,-18.08716
1903,-6.3485856,-18.021677
1904,-6.3596954,-18.04573
1905,-6.3285613,-18.065975
1906,-6.284956,-18.058582
1907,-6.290811,-18.057995
1908,-6.2965794,-18.054459
1909,-6.255696,-18.101334
1910,-6.249338,-18.109257
1911,-6.2488494,-18.072617
1912,-6.272083,-18.083555
1913,-6.2444987,-18.128128
1914,-6.2765846,-18.158403
1915,-6.2447515,-18.136148
1916,-6.2928586,-18.203989
1917,-6.6398635,-18.224285
1918,-6.6135325,-18.22952
1919,-6.601183,-18.252676
1920,-6.684491,-18.241003
1921,-6.6416483,-18.247303
1922,-6.87628,-18.14511
1923,-6.8868265,-18.162245
1924,-6.971607,-18.43962
1925,-6.9949594,-18.475166
1926,-6.9989157,-18.448109
1927,-7.029466,-18.49952
1928,-7.0343122,-18.521404
1929,-7.0407686,-18.500658
1930,-6.998628,-18.56137
1931,-7.023355,-18.574408
1932,-7.033557,-18.583721
1933,-6.991497,-18.562408
1934,-7.012914,-18.596075
1935,-7.026321,-18.602516
1936,-7.037672,-18.58869
1937,-7.0437183,-18.590246
1938,-7.003966,-18.618042
1939,-7.0465717,-18.553968
1940,-7.03419,-18.575382
1941,-7.0414705,-18.622387
1942,-7.0488734,-18.62257
1943,-7.032978,-18.618313
1944,-7.0163326,-18.600443
1945,-7.026579,-18.590017
1946,-6.7243485,-18.22286
1947,-6.9865885,-18.51839
1948,-6.7493057,-18.209354
1949,-6.770531,-18.161707
1950,-6.7853436,-18.162287
1951,-6.7727585,-18.139856
1952,-6.796552,-18.166105
1953,-6.792429,-18.13986
1954,-6.800446,-18.147266
1955,-6.8017735,-13.604964
1956,-6.783975,-13.579097
1957,-6.7145824,-13.666917
1958,-6.7756357,-13.609279
1959,-9.313355,-15.294937
1960,-9.293007,-15.478076
1961,-6.87958,-13.490173
1962,-8.12032,-14.343405
1963,-8.124024,-14.333557
1964,-8.118939,-14.638495
1965,-8.151944,-14.416184
1966,-8.196179,-14.489189
1967,-8.16766,-14.387212
1968,-8.189871,-14.421024
1969,-8.20112,-14.688086
1970,-8.331318,-14.591294
1971,-8.407655,-14.698054
1972,-8.353281,-14.737299
1973,-8.1592655,-14.4134035
1974,-8.632127,-14.444563
1975,-8.610239,-14.348592
1976,-8.575731,-14.372312
1977,-8.598086,-14.608817
1978,-8.576822,-14.353413
1979,-8.553142,-14.367932
1980,-8.491637,-14.287195
1981,-8.512066,-14.306089
1982,-8.54514,-14.364497
1983,-8.49009,-14.298072
1984,-8.521387,-14.254905
1985,-8.242245,-14.71115
1986,-8.870011,-15.360711
1987,-8.31251,-14.666718
1988,-8.891136,-15.326477
1989,-8.852182,-15.238298
1990,-8.947422,-15.16356
1991,-9.0638,-15.163644
1992,-9.33333,-15.260245
1993,-9.144429,-15.446939
1994,-9.262101,-15.542783
1995,-8.743532,-15.653269
1996,-8.518292,-15.61149
1997,-8.0975685,-14.998148
1998,-8.212674,-15.013837
1999,-7.80752,-15.017196
2000,-7.6308084,-14.89833
2001,-7.7302465,-15.252334
2002,-7.681554,-15.193342
2003,-7.586721,-14.966093
2004,-7.7118936,-15.034138
2005,-7.506982,-14.857824
2006,-7.7031345,-14.954032
2007,-7.8080006,-14.937708
2008,-7.7088857,-15.128429
2009,-7.9188604,-15.448457
2010,-7.8594203,-15.700137
2011,-7.9922333,-15.773315
2012,-7.977698,-15.458914
2013,-7.717009,-15.052036
2014,-7.982716,-15.846202
2015,-7.4720154,-15.449533
2016,-7.253215,-15.533416
2017,-8.084531,-15.94722
2018,-7.6163907,-15.872401
2019,-7.5805535,-15.670714
2020,-7.5318656,-15.833513
2021,-8.207538,-15.979504
2022,-8.009541,-15.881011
2023,-8.110804,-15.795349
2024,-8.006991,-15.912855
2025,-7.9862247,-15.956524
2026,-7.9975743,-15.913731
2027,-7.772211,-15.496281
2028,-7.894049,-15.215675
2029,-7.494625,-15.728381
2030,-7.4253445,-15.441199
2031,-7.6925764,-15.2715845
2032,-8.121071,-16.30654
2033,-7.5480437,-15.184237
2034,-7.425058,-14.992324
2035,-7.3836393,-14.959918
2036,-7.450543,-15.127533
2037,-7.8887024,-15.21098
2038,-7.8300314,-15.994402
2039,-8.796476,-16.12356
